Middle East and North Africa,Morocco,Clothes,Online,M,14-09-2013,667593514,19/10/13,4611,109.28,35.84,Haze,Online
Sub-Saharan Africa,Seychelles ,Beverages,Online,M,18-01-2013,425793445,16/02/13,597,47.45,31.79,John,Online
Sub-Saharan Africa,Tanzania,Beverages,Online,L,30-11-2016,659878194,16/01/17,1476,47.45,31.79,Zaved,Online
Europe,France,Cosmetics,Online,M,07-12-2015,324669444,18/01/16,5758,437.2,263.33,Hary,Online
Central America and the Caribbean,Nicaragua,Household,Online,C,28-10-2015,573998582,07/12/15,7791,668.27,502.54,Devis,Online
Europe,United Kingdom,Cosmetics,Online,L,01-05-2015,135178029,16/05/15,1038,437.2,263.33,Keech,Online
Sub-Saharan Africa,Togo,Cosmetics,Online,M,08-09-2015,563681733,09/09/15,4806,437.2,263.33,Emily,Online
Europe,Italy,Cereal,Online,C,30-11-2015,887409770,05/12/15,3126,205.7,117.11,Otis,Online
Central America and the Caribbean,Saint Kitts and Nevis ,Snacks,Online,C,27-06-2017,452521550,29/07/17,38,152.58,97.44,Judy,Online
Europe,Ukraine,Cosmetics,Online,M,08-02-2014,942602765,27/02/14,5960,437.2,263.33,HanTaeSu,Online
Europe,Monaco,Personal Care,Online,M,16-03-2015,934613645,22/03/15,1801,81.73,56.67,Watson,Online
Europe,Ukraine,Fruits,Online,L,23-11-2016,110557496,24/12/16,5275,9.33,6.92,Sonio,Online
