Region,Country,Item_Type,Sales_Channel,Order_Priority,Order_Date,Order_ID,Ship_Date,Units_Sold,Unit_Price,Unit_Cost,Name,SalesChannel
Asia,Sri Lanka,Fruits,Online,L,07-11-2011,830192887,18/12/11,1379,9.33,6.92,Jack Sri Lanka,Online
Asia,Singapore,Snacks,Online,C,28-01-2013,176461303,07/02/13,7676,152.58,97.44,Johny Singapore,Online
Asia,India,Snacks,Online,L,10-10-2012,440306556,20/11/12,5349,152.58,97.44,Feriha India,Online
Asia,Sri Lanka,Fruits,Online,H,13-03-2017,484823930,20/04/17,9030,9.33,6.92,Nobita Sri Lanka,Online
Asia,Vietnam,Fruits,Online,C,06-07-2016,455516612,19/07/16,6343,9.33,6.92,Sherlock Vietnam,Online
Asia,Thailand,Fruits,Online,M,29-06-2017,980155408,04/07/17,8621,9.33,6.92,James Thailand,Online
Asia,South Korea,Fruits,Online,C,01-01-2014,931736171,05/01/14,293,9.33,6.92,Brad South Korea,Online
