Region,Country,Item_Type,Sales_Channel,Order_Priority,Order_Date,Order_ID,Ship_Date,Units_Sold,Unit_Price,Unit_Cost,Name,SalesChannel
Europe,Ukraine,Cosmetics,Online,H,08-02-2014,942602765,27/02/14,5960,437.2,263.33,HanTaeSu,Online
Europe,Ukraine,Fruits,Online,H,23-11-2016,110557496,24/12/16,5275,9.33,6.92,Sonio,Online
Asia,Sri Lanka,Fruits,Online,H,13-03-2017,484823930,20/04/17,9030,13.995,6.92,Nobita,Online
Asia,Thailand,Fruits,Online,M,29-06-2017,980155408,04/07/17,8621,13.995,6.92,James,Online
Asia,Vietnam,Fruits,Online,C,06-07-2016,455516612,19/07/16,6343,13.995,6.92,Sherlock,Online
Asia,Sri Lanka,Fruits,Online,L,07-11-2011,830192887,18/12/11,1379,13.995,6.92,Jack,Online
Asia,South Korea,Fruits,Online,C,01-01-2014,931736171,05/01/14,293,13.995,6.92,Brad,Online
,Ukraine,,,,,,,11235,,,,
,Sri Lanka,,,,,,,10409,,,,
,Thailand,,,,,,,8621,,,,
,Nicaragua,,,,,,,7791,,,,
,Singapore,,,,,,,7676,,,,
,Vietnam,,,,,,,6343,,,,
,France,,,,,,,5758,,,,
,India,,,,,,,5349,,,,
,Togo,,,,,,,4806,,,,
,Morocco,,,,,,,4611,,,,
,Italy,,,,,,,3126,,,,
,Monaco,,,,,,,1801,,,,
,Tanzania,,,,,,,1476,,,,
,United Kingdom,,,,,,,1038,,,,
,Seychelles ,,,,,,,597,,,,
,South Korea,,,,,,,293,,,,
,Saint Kitts and Nevis ,,,,,,,38,,,,
Asia,Sri Lanka,Fruits,Online,H,13-03-2017,484823930,20/04/17,9030,9.33,6.92,Nobita Sri Lanka,Online
Asia,Thailand,Fruits,Online,M,29-06-2017,980155408,04/07/17,8621,9.33,6.92,James Thailand,Online
Asia,Singapore,Snacks,Online,C,28-01-2013,176461303,07/02/13,7676,152.58,97.44,Johny Singapore,Online
Asia,Vietnam,Fruits,Online,C,06-07-2016,455516612,19/07/16,6343,9.33,6.92,Sherlock Vietnam,Online
Asia,India,Snacks,Online,L,10-10-2012,440306556,20/11/12,5349,152.58,97.44,Feriha India,Online
Asia,Sri Lanka,Fruits,Online,L,07-11-2011,830192887,18/12/11,1379,9.33,6.92,Jack Sri Lanka,Online
Asia,South Korea,Fruits,Online,C,01-01-2014,931736171,05/01/14,293,9.33,6.92,Brad South Korea,Online
,,Fruits,,,,,,30941,,,,
,,Cosmetics,,,,,,17562,,,,
,,Snacks,,,,,,13063,,,,
,,Household,,,,,,7791,,,,
,,Clothes,,,,,,4611,,,,
,,Cereal,,,,,,3126,,,,
,,Beverages,,,,,,2073,,,,
,,Personal Care,,,,,,1801,,,,
Asia,Thailand,Fruits,Online,M,29-06-2017,980155408,04/07/17,8621,9.33,6.92,James,Online
Europe,Ukraine,Cosmetics,Online,M,08-02-2014,942602765,27/02/14,5960,437.2,263.33,HanTaeSu,Online
Europe,France,Cosmetics,Online,M,07-12-2015,324669444,18/01/16,5758,437.2,263.33,Hary,Online
Asia,India,Snacks,Online,L,10-10-2012,440306556,20/11/12,5349,152.58,97.44,Feriha,Online
Europe,Ukraine,Fruits,Online,L,23-11-2016,110557496,24/12/16,5275,9.33,6.92,Sonio,Online
Sub-Saharan Africa,Togo,Cosmetics,Online,M,08-09-2015,563681733,09/09/15,4806,437.2,263.33,Emily,Online
Middle East and North Africa,Morocco,Clothes,Online,M,14-09-2013,667593514,19/10/13,4611,109.28,35.84,Haze,Online
Europe,Monaco,Personal Care,Online,M,16-03-2015,934613645,22/03/15,1801,81.73,56.67,Watson,Online
Sub-Saharan Africa,Tanzania,Beverages,Online,L,30-11-2016,659878194,16/01/17,1476,47.45,31.79,Zaved,Online
Asia,Sri Lanka,Fruits,Online,L,07-11-2011,830192887,18/12/11,1379,9.33,6.92,Jack,Online
Europe,United Kingdom,Cosmetics,Online,L,01-05-2015,135178029,16/05/15,1038,437.2,263.33,Keech,Online
Sub-Saharan Africa,Seychelles ,Beverages,Online,M,18-01-2013,425793445,16/02/13,597,47.45,31.79,John,Online
