Region,Country,Item_Type,Sales_Channel,Order_Priority,Order_Date,Order_ID,Ship_Date,Units_Sold,Unit_Price,Unit_Cost,Name,SalesChannel
,Ukraine,,,,,,,11235,,,,
,Sri Lanka,,,,,,,10409,,,,
,Thailand,,,,,,,8621,,,,
,Nicaragua,,,,,,,7791,,,,
,Singapore,,,,,,,7676,,,,
,Vietnam,,,,,,,6343,,,,
,France,,,,,,,5758,,,,
,India,,,,,,,5349,,,,
,Togo,,,,,,,4806,,,,
,Morocco,,,,,,,4611,,,,
,Italy,,,,,,,3126,,,,
,Monaco,,,,,,,1801,,,,
,Tanzania,,,,,,,1476,,,,
,United Kingdom,,,,,,,1038,,,,
,Seychelles ,,,,,,,597,,,,
,South Korea,,,,,,,293,,,,
,Saint Kitts and Nevis ,,,,,,,38,,,,
